bam,synID
1_H5KNCADXX.1.GAATTGCT_AACGCATT.unmapped.1.fastq.gz,syn11578944
1_H5KNCADXX.1.GAATTGCT_AACGCATT.unmapped.2.fastq.gz,syn11578947
1_H5KNCADXX.1.GAATTGCT_AAGTAGAG.unmapped.1.fastq.gz,syn11578958
1_H5KNCADXX.1.GAATTGCT_AAGTAGAG.unmapped.2.fastq.gz,syn11578964
1_H5KNCADXX.1.GAATTGCT_ACAGGTAT.unmapped.1.fastq.gz,syn11578975
1_H5KNCADXX.1.GAATTGCT_ACAGGTAT.unmapped.2.fastq.gz,syn11578984
1_H5KNCADXX.1.GAATTGCT_CGTTACCA.unmapped.1.fastq.gz,syn11579002
1_H5KNCADXX.1.GAATTGCT_CGTTACCA.unmapped.2.fastq.gz,syn11579010
1_H5KNCADXX.1.GAATTGCT_TCCTTGGT.unmapped.1.fastq.gz,syn11579111
1_H5KNCADXX.1.GAATTGCT_TCCTTGGT.unmapped.2.fastq.gz,syn11579174
1_H5KNCADXX.1.GAATTGCT_TGTTCCGA.unmapped.1.fastq.gz,syn11581253
1_H5KNCADXX.1.GAATTGCT_TGTTCCGA.unmapped.2.fastq.gz,syn11581255
1_H5KNCADXX.1.GTCAAGTT_AAGTAGAG.unmapped.1.fastq.gz,syn11581260
1_H5KNCADXX.1.GTCAAGTT_AAGTAGAG.unmapped.2.fastq.gz,syn11581262
1_H5KNCADXX.1.GTCAAGTT_ACACGATC.unmapped.1.fastq.gz,syn11581287
1_H5KNCADXX.1.GTCAAGTT_ACACGATC.unmapped.2.fastq.gz,syn11581293
1_H5KNCADXX.1.GTCAAGTT_CATGATCG.unmapped.1.fastq.gz,syn11581335
1_H5KNCADXX.1.GTCAAGTT_CATGATCG.unmapped.2.fastq.gz,syn11581373
1_H5KNCADXX.1.GTCAAGTT_TGTTCCGA.unmapped.1.fastq.gz,syn11581408
1_H5KNCADXX.1.GTCAAGTT_TGTTCCGA.unmapped.2.fastq.gz,syn11581412
2_H5KNCADXX.2.GAATTGCT_AACGCATT.unmapped.1.fastq.gz,syn11578950
2_H5KNCADXX.2.GAATTGCT_AACGCATT.unmapped.2.fastq.gz,syn11578954
2_H5KNCADXX.2.GAATTGCT_AAGTAGAG.unmapped.1.fastq.gz,syn11578965
2_H5KNCADXX.2.GAATTGCT_AAGTAGAG.unmapped.2.fastq.gz,syn11578970
2_H5KNCADXX.2.GAATTGCT_ACAGGTAT.unmapped.1.fastq.gz,syn11578986
2_H5KNCADXX.2.GAATTGCT_ACAGGTAT.unmapped.2.fastq.gz,syn11578996
2_H5KNCADXX.2.GAATTGCT_CGTTACCA.unmapped.1.fastq.gz,syn11579016
2_H5KNCADXX.2.GAATTGCT_CGTTACCA.unmapped.2.fastq.gz,syn11579038
2_H5KNCADXX.2.GAATTGCT_TCCTTGGT.unmapped.1.fastq.gz,syn11579088
2_H5KNCADXX.2.GAATTGCT_TCCTTGGT.unmapped.2.fastq.gz,syn11579098
2_H5KNCADXX.2.GAATTGCT_TGTTCCGA.unmapped.1.fastq.gz,syn11581257
2_H5KNCADXX.2.GAATTGCT_TGTTCCGA.unmapped.2.fastq.gz,syn11581259
2_H5KNCADXX.2.GTCAAGTT_AAGTAGAG.unmapped.1.fastq.gz,syn11581269
2_H5KNCADXX.2.GTCAAGTT_AAGTAGAG.unmapped.2.fastq.gz,syn11581282
2_H5KNCADXX.2.GTCAAGTT_ACACGATC.unmapped.1.fastq.gz,syn11581305
2_H5KNCADXX.2.GTCAAGTT_ACACGATC.unmapped.2.fastq.gz,syn11581312
2_H5KNCADXX.2.GTCAAGTT_CATGATCG.unmapped.1.fastq.gz,syn11581393
2_H5KNCADXX.2.GTCAAGTT_CATGATCG.unmapped.2.fastq.gz,syn11581405
2_H5KNCADXX.2.GTCAAGTT_TGTTCCGA.unmapped.1.fastq.gz,syn11581414
2_H5KNCADXX.2.GTCAAGTT_TGTTCCGA.unmapped.2.fastq.gz,syn11581416
